Project,CommitID,Developer,Title,Summary,IssueKey,IssueType,CreatedDate,latestDateBetweenUpdatedAndResolved,TimeToResolve(Days),Abstract Factory,Factory Method,Singleton,Adapter,Bridge,Composite,Decorator,Facade,Flyweight,Proxy,Chain of Responsibility,Mediator,Observer,State,Strategy,Template Method,Visitor
MINA,de1134b2eef2c0767b7dc9ab84e12be852c45f10,,,,,,,,,,,,1,,,,,,,,1,,,,,,,
MINA,b995f0a922d1d700ee5373d7bfd583b3f7769a92,,,,,,,,,,,,,,,,,1,,,,,,,,,
MINA,1a86718806570be7973d43600713d2f94362c1d9,,,,,,,,,,,,,-5,-1,,-3,-2,,,-3,,,-7,,,,,,,,
MINA,a6655f5adb346b4e6f7f5df153ab84e462c7e965,,,,,,,,,,,,,1,,,1,,,,,,,,,,,
MINA,ed14dac62ac13af129b46b8ace9648b74de80e67,,,,,,,,,,,,6,,,,1,,,,6,1,,1,,,,,,,
MINA,a03b417cfc2489afad930ecb03be03b9faccf99a,,,,,,,,,,,,,,,,,,,,1,,,,,,
MINA,4cf54c9ba411b594d1fda0ae0aab3a12b6bdb87a,,,,,,,,,,,,-1,,,,,,,,,,,,,,
MINA,9794e6541a289b1199ace80a5706994970ba552d,,,,,,,,,,,,,,,,,,,,,,,1,,,
MINA,090d9b1c4bbf47f7f4c514e0c9051de5c975d3f7,,,,,,,,,,,,,-2,,,-1,,,,,,,,,,,
MINA,b10fa72fe928118a27666b518dc4954acaecd16d,,,,,,,,,,,,,,,,,1,,,1,,,3,,,,,
MINA,daf2d78341fcd212e089493e4b25211ca0b722d7,,,,,,,,,,,,-14,-13,-1,,-4,-2,,,-24,-4,,-16,,,,,,,,,,
MINA,144d8fea7c22b40b7f47593575e398c1542a8f9a,Unassigned,[DIRMINA-209] SocketIoProcessor singleton causes performance wall under load,SocketIoProcessor singleton causes performance wall under load,DIRMINA-209,Bug,Sat- 29 Apr 2006 06:32:20 +0000,Tue- 26 May 2009 00:51:23 +0000,0,,,,,,,,,,,,1,,,,,,
MINA,9b353be9c76e2ec8946b0be30d78c94430400ed4,Peter A Royal Jr.,[DIRMINA-206] Prevent OutOfMemoryError when a server or a client is overloaded,Prevent OutOfMemoryError when a server or a client is overloaded,DIRMINA-206,Improvement,Wed- 12 Apr 2006 17:22:57 +0000,Tue- 26 Sep 2006 05:06:26 +0000,166,,,,,,,,1,1,,,2,,,,,,,,
MINA,07da56db652eeea1e5bdb8dafd01e8de0e87b4d1,,,,,,,,,,,,,,,,,2,,,,,,,,,
MINA,292365568b54dd4f4f8005ed1ad77ff32ca986bb,Trustin Lee,[DIRMINA-448] Allow Object keys for session attributes.,Allow Object keys for session attributes.,DIRMINA-448,Improvement,Fri- 28 Sep 2007 20:02:15 +0000,Sat- 29 Sep 2007 21:50:36 +0000,1,,,,3,,,,1,,,,6,1,,1,,,,,,,
MINA,1764aaffc322b5286e0e4b4b12eaa4565d0a1341,Edouard De Oliveira,[DIRMINA-587] The proxy sample does not work - results in a NullPointerException,The proxy sample does not work - results in a NullPointerException,DIRMINA-587,Test,Sun- 18 May 2008 19:27:16 +0000,Mon- 11 Aug 2008 08:18:24 +0000,64,,,,,,,,,1,,,,,,,,,
MINA,54e53674c17bd478622b5de07e278f00350ec9e0,,,,,,,,,,,,-1,,,,-1,,,,-5,,,-1,,,,,,
MINA,fff3ee7e593982ec6659531ac1a06ef2cbe4bf6f,,,,,,,,,,,,,,,,,,,,1,,,,,,
MINA,edb421a7e577323c231883c7d21e0892785eb3b4,,,,,,,,,,,,-6,,,,-1,,,,-6,-1,,-1,,,,,,,
MINA,865202608a014e404711027d5bfa52aecd1a4d5b,,,,,,,,,,,,14,5,1,,6,2,,,16,,,10,,,,,,,,,
MINA,2a292daa8ddbd39143a08adcb9269356b50af36a,,,,,,,,,,,,1,-1,,,,,,,1,,,,,,,,
MINA,801151dc401777bbbb683fd97a6a96561190aa9d,,,,,,,,,,,,-1,,,,,,,,-1,,,,,,,
MINA,957d6c95b0134453429123aca46ed79bce6a8a0f,Trustin Lee,[DIRMINA-260] Utilize backport-util-concurrent Executor,Utilize backport-util-concurrent Executor,DIRMINA-260,Improvement,Fri- 8 Sep 2006 03:34:13 +0000,Fri- 8 Sep 2006 03:36:09 +0000,0,,,,-1,,,,-1,,,,-4,-1,,,,,,,,
MINA,dd422d2a3db4b7d7ca9f62628a69fd911f503ef8,,,,,,,,,,,,1,,,,,,,,1,,,,,,,
MINA,653d1a5ff37904e4515bc375d24dcb301862dad4,,,,,,,,,,,,,,,,,1,,,,,,,,,
MINA,86d61335e5872c6639976ad5f60fd14c9e6205d7,Trustin Lee,[DIRMINA-354] Software grant for a KeepAlive functionality,Software grant for a KeepAlive functionality,DIRMINA-354,New Feature,Mon- 26 Feb 2007 14:20:40 +0000,Tue- 23 Oct 2007 02:43:53 +0000,238,,,,3,,,,1,1,,,7,1,,2,,,,,,,,
MINA,be50669c9832e999391be7af09bfe7d774464bcb,,,,,,,,,,,,-14,-5,-1,,-6,-2,,,-16,,,-10,,,,,,,,,
MINA,33dab1ed8fb913fbae1f7ca7f8d21b88d51d97ee,Trustin Lee,[DIRMINA-447] Allow adding more than one IoFilters of the same type.,Allow adding more than one IoFilters of the same type.,DIRMINA-447,Improvement,Fri- 28 Sep 2007 19:55:27 +0000,Sun- 30 Sep 2007 18:52:52 +0000,1,,,,3,,,,2,,,,13,1,,1,,,,,,,
MINA,2221baeb39a3290886950f2465c0ee0bc93a7b20,,,,,,,,,,,,4,,,,1,,,,3,,,-2,,,,,,
MINA,93f1ceb3c0072f14424682e5662b269716dff062,,,,,,,,,,,,1,,,,,,,,,,,,,,
MINA,b55236b8df1a6e86f8d9e1da0f80c3894740701a,,,,,,,,,,,,-9,-5,,,-3,,,,-11,-2,,-1,,,,,,,,
MINA,f749530c632fb3b097f658db8fa6bdfabeb739cc,,,,,,,,,,,,,5,1,,3,2,,,3,,,7,,,,,,,,
MINA,feaf7d525ea24ef6f4b9388c96cc5cb4507f1b12,,,,,,,,,,,,,,,,,-1,,,,,,,,,
MINA,b8acf1011ddecf64a72cb37e7338ac56c1577ead,Unassigned,[DIRMINA-185] Refactor IoFilter life cycle management,Refactor IoFilter life cycle management,DIRMINA-185,Improvement,Sun- 5 Mar 2006 19:02:26 +0000,Thu- 4 May 2006 15:31:00 +0000,55,,,-1,,,,1,,-1,,,,,,,,,,,
MINA,ba4d21e332cca1f11e96e5ec599a03d32e15925f,,,,,,,,,,,,-9,-5,,,-3,,,,-11,-2,,-1,,,,,,,,
MINA,28fe9a57eb04a1354cde4f5dd236db2879a30cc1,,,,,,,,,,,,,,,,1,,,,,,,,,,
MINA,19162cffab8b391ca1e92f378a95ff1e51560a40,Trustin Lee,[DIRMINA-161] A ObjectSerializationEncoder that works with Java's ObjectInputStream.readObject(),A ObjectSerializationEncoder that works with Java's ObjectInputStream.readObject(),DIRMINA-161,New Feature,Tue- 10 Jan 2006 02:12:17 +0000,Tue- 26 May 2009 00:48:08 +0000,253,,,,,,,,,,2,,,,,,,,
MINA,ec14b595de20c1e01adf627a15b5c14d7ae54fa2,Maarten Bosteels,[DIRMINA-513] get rid of IoSessionLogger ,get rid of IoSessionLogger ,DIRMINA-513,Improvement,Tue- 15 Jan 2008 08:30:16 +0000,Tue- 26 May 2009 14:12:07 +0000,27,,,,,,,-1,-1,,,,-1,,,-3,,,,,,
MINA,32af03bce71670afc566be556084bab32f74b798,,,,,,,,,,,,-1,,,,,,,,-1,,,,,,,
MINA,31a61e553be2a2915471d6383f913a7a7e869495,,,,,,,,,,,,,-8,-1,,-2,-2,,,-6,,,-7,,,,,,,,
MINA,aa6d105181457d1db7aca739c29d2e93e2d2d1cb,,,,,,,,,,,,,,,,,,,,,1,,,,,
MINA,f1331588dceb758dce264ef09fd9a01ac96a3e6b,,,,,,,,,,,,,,,,1,,,,1,,,1,,,,,
MINA,029d9e98749e1859d0d4983772882bea9d79db9a,,,,,,,,,,,,5,,,,1,,,,4,1,,1,,,,,,,
MINA,6da4872f78ea173fb5f771cef4e9724bb3c45b0f,,,,,,,,,,,,,,,1,,-1,,,2,,,1,,,,,,
MINA,44a28f65db21ec5929d4d4f347108319f86a2c4b,,,,,,,,,,,,,-1,,,-1,2,,,-1,,,,,,,,,
MINA,047d3749a069fb3204521c0696828728b590fd57,Trustin Lee,[DIRMINA-361] Event type and EventType enum,Event type and EventType enum,DIRMINA-361,New Feature,Mon- 26 Mar 2007 02:11:17 +0000,Tue- 26 May 2009 14:23:24 +0000,109,,,,,-1,,,,-1,,,,,,-2,,,,,
MINA,b49aebedf34cf91d021aa23712fd42daf901b68d,Trustin Lee,[DIRMINA-290] Make IoService (IoConnector and IoAcceptor) manage only one service.,Make IoService (IoConnector and IoAcceptor) manage only one service.,DIRMINA-290,Task,Wed- 18 Oct 2006 02:09:44 +0000,Tue- 26 May 2009 14:33:07 +0000,94,,,,1,,,,-2,-2,,,-2,-1,,-6,,,,,,,,
MINA,b0fbb8fe0363be35aaee71a2e704d31f05f84fcb,Niklas Therning,[DIRMINA-227] Chat server example with Spring configuration,Chat server example with Spring configuration,DIRMINA-227,New Feature,Mon- 24 Jul 2006 10:21:38 +0000,Thu- 21 Sep 2006 22:34:16 +0000,59,,,,,,,,,,,,,1,,,,,
MINA,03b05af6361719eaef3d5a8a2a8197d0b6b6ed85,,,,,,,,,,,,1,,,,1,,,,,,,,,,,
MINA,200ea445e3af18dd83d2f1b63c3fb69ed75f25bf,,,,,,,,,,,,,,,,,,,,6,,,1,,,,
MINA,92d4586b9a99a4d4344fb526ce5f84ab23790b02,Niklas Therning,[DIRMINA-559] State machines for IoFilter cannot be created,State machines for IoFilter cannot be created,DIRMINA-559,Bug,Tue- 25 Mar 2008 22:18:43 +0000,Tue- 25 Mar 2008 22:21:16 +0000,0,,,,,,,,,,,,,,,3,,,
MINA,462979aeaad341e275badeb836b5059bb5309259,Trustin Lee,[DIRMINA-454] Trivial denial of service in TextLineDecoder,Trivial denial of service in TextLineDecoder,DIRMINA-454,Bug,Sat- 6 Oct 2007 04:52:25 +0000,Wed- 31 Oct 2007 04:01:34 +0000,10,,,,,,,,-1,,,,,,,-2,,,,
MINA,d4a025ff7530b791f6c0f7535a44685b0526a516,,,,,,,,,,,,-1,,,,,,,,,,,-3,,,,
MINA,041a4f2458c4e0764c09efd1a44478f4931443ad,,,,,,,,,,,,10,5,1,,6,2,,,16,,,7,,,,,,,,,
MINA,f6cfa423ac83a4a430a5ab9eaba77d4e3912a0eb,,,,,,,,,,,,6,,,,1,,,,6,1,,1,,,,,,,
MINA,53fd205e3f831fdfca1eac3a4a90aaad0ee0eebf,,,,,,,,,,,,,,,,,,,,1,,,,,,
MINA,5c080949fc24570573028240172ebd2778f4eeb8,,,,,,,,,,,,,1,,,,,,,10,,,,,,,
MINA,56afe091f4c0b4e1ba29b256c3ffef913df7dc6e,,,,,,,,,,,,,2,,,,8,,,,,,-1,,,,,
MINA,fecec15d8dc2bc9dcf5529180eae351e6e007c72,,,,,,,,,,,,1,,,,,,,,,,,,,,
MINA,c7b41628bbfd46b3e26e2faff809cadaadccc28e,Peter A Royal Jr.,[DIRMINA-184] Allow ThreadPool used by ThreadPoolFilter to be pluggable,Allow ThreadPool used by ThreadPoolFilter to be pluggable,DIRMINA-184,Improvement,Sun- 5 Mar 2006 09:44:42 +0000,Tue- 26 May 2009 00:49:24 +0000,70,,,,,,,,,,,,3,1,,,,,,
MINA,735ebac1137066f07874dc1518a86f470d931af1,,,,,,,,,,,,-4,,,,-2,-2,,,-3,,,-2,,,,,,,
MINA,bbf35215b7f665ce51af25c4f2ba80454732707d,,,,,,,,,,,,,,,,,,,,-1,,,,,,
MINA,82e5289dc59d6ddaca374d34a53bd86ad0bbbdfb,,,,,,,,,,,,,-1,,,-1,,,,,,,,,,,
MINA,279d81872c354792ab92378f8527d2804fe97bec,,,,,,,,,,,,-1,1,,,-1,,,,,,,,,,,,
MINA,1d7326d2f539cc5df352d45103026a2d42267c55,,,,,,,,,,,,-1,,,,,,,,-1,,,,,,,
MINA,f742dd9be9f348de29bdb5e0740d39d9b7761a16,,,,,,,,,,,,-1,,,,-1,,,,-1,,,,,,,,
MINA,ef0822a4dea45efec36970145001a72dce85972f,,,,,,,,,,,,-6,,,,-1,,,,-6,-1,,-1,,,,,,,
MINA,f0d19d71199d87bb6d9a69d8f8df94edff16fc72,,,,,,,,,,,,,1,,,,,,,,,,,,,
MINA,b6ad44512ab9c33b653da7f8150a8d6b85c4e059,Trustin Lee,[DIRMINA-426] Clean up POM dependencies using dependencyManagement section.,Clean up POM dependencies using dependencyManagement section.,DIRMINA-426,Task,Wed- 22 Aug 2007 00:26:59 +0000,Sun- 30 Sep 2007 13:25:33 +0000,39,,,,-9,,,,-1,,,,-8,-1,,-7,,,,,,,
MINA,79cd7434ba210687a1fae32fa1ce59f3f42817e3,,,,,,,,,,,,,,,,,,,,-3,,,,,,
MINA,0cc5256c84ed8ee6bafa2f39fda6910434bcc02d,Trustin Lee,[DIRMINA-454] Trivial denial of service in TextLineDecoder,Trivial denial of service in TextLineDecoder,DIRMINA-454,Bug,Sat- 6 Oct 2007 04:52:25 +0000,Wed- 31 Oct 2007 04:01:34 +0000,10,,,,,,,,1,,,,1,,,2,,,,,
MINA,9c1600b434e85ce1f5832030d5cd98fba812f515,Emmanuel Lécharny,[DIRMINA-656] Methods log in LoggingFilter.java use the subsequent eventLevel instead of current,Methods log in LoggingFilter.java use the subsequent eventLevel instead of current,DIRMINA-656,Bug,Mon- 12 Jan 2009 19:53:42 +0000,Wed- 20 May 2009 12:03:44 +0000,0,,,,1,,,,,,,,,,,,,,
MINA,58d114a15ce4dca264184af42dd83f3ea5e37d54,,,,,,,,,,,,,,,,,1,,,,,,,,,
MINA,6eaca3c117f18ced5b24c64c9e7ff4097f09b035,,,,,,,,,,,,,,,,-1,,,,,,,,,,
MINA,a27568a815c1708ea447274731e8b6c378bb535c,,,,,,,,,,,,,,-1,,,,,,,,,,,,
MINA,0081ba06ff903b587ebf6d76825723dd10f69495,,,,,,,,,,,,-1,,,,,,,,-2,-1,,-1,,,,,,
MINA,5ce076b7f2759d56eba214ac363ceb50111ba3bf,,,,,,,,,,,,6,,,,1,,,,6,1,,1,,,,,,,
MINA,6882b2e47967aec67b1d8a2d02491941940e5f46,,,,,,,,,,,,,,,,,,,,1,,,,,,
MINA,b0659171e8517b6a6bd72f88eab8cfe19633e55e,,,,,,,,,,,,5,,,,1,,,,5,1,,-1,,,,,,,
MINA,5fca8ec20ebe2dcc5387aff579f129e7d8243137,,,,,,,,,,,,,8,1,,2,2,,,6,,,7,,,,,,,,
MINA,b4f6595f2352fa4763007beb26b9205838355e44,Trustin Lee,[DIRMINA-190] ThreadModel interface which encapsulates ThreadPoolFilter composition.,ThreadModel interface which encapsulates ThreadPoolFilter composition.,DIRMINA-190,New Feature,Sun- 12 Mar 2006 17:24:56 +0000,Sun- 12 Mar 2006 17:45:00 +0000,0,,,,1,,,,1,1,,,1,,,,,,,,,
MINA,f69c36be0b6d16a18cccf0f8f304fb5bc77239ec,,,,,,,,,,,,,,,,,,,,,,,1,,,
MINA,a1da74bf5cf67067209419f4d82afb72570ff133,,,,,,,,,,,,-6,,,,-1,,,,-5,-1,,-1,,,,,,,
MINA,292553e1f60a4d09f9404843a540e165c80d4f78,,,,,,,,,,,,6,,,,1,,,,6,1,,1,,,,,,,
MINA,98c6dc80b30bec6007815b5398aca20b5dc1a531,Trustin Lee,[DIRMINA-472] Close request for an acceptor-side datagram session doesn't dispose the session.,Close request for an acceptor-side datagram session doesn't dispose the session.,DIRMINA-472,Bug,Sat- 10 Nov 2007 13:38:05 +0000,Sat- 10 Nov 2007 14:45:42 +0000,0,,,,,,,,1,,,,7,,,,,,,
MINA,bf28f0888bac1c9b92ec172842dd42d3a825b1b8,,,,,,,,,,,,-1,,,,,,,,-1,,,,,,,
MINA,5b90afb04f6d6ca29018ec1a2d3a1777d8674257,,,,,,,,,,,,-6,,,,-1,,,,-6,-1,,-1,,,,,,,
MINA,805db5f3926a9e51d8b9b8539186029e70e7eae9,Trustin Lee,[DIRMINA-243] Mark is lost after buffer expansion (autoexpand),Mark is lost after buffer expansion (autoexpand),DIRMINA-243,Bug,Thu- 10 Aug 2006 18:37:23 +0000,Wed- 23 Aug 2006 15:46:40 +0000,0,,,,,,,,,,,,1,,,,,,
MINA,1dc5135fec0de11f2bea6aa77604d477113da64b,,,,,,,,,,,,,,,,,2,,,1,,,,,,,
MINA,d63ee6f9a8029a987899f9964aca4f01a725037e,,,,,,,,,,,,-1,,,,,,,,-1,,,,,,,
MINA,97f0a1381f5c9aeb8632ca80d22ffe9a28d7e2c4,,,,,,,,,,,,-6,,,,-1,,,,-6,-1,,-1,,,,,,,
MINA,68447e53de3444b2b5390498d44ef9c933bdf87c,,,,,,,,,,,,-1,,,,,,,,-1,,,,,,,
MINA,b0e42f13342f124722c0bd71f61555b00278f210,Trustin Lee,[DIRMINA-366] Default socket option values are retrieved incorrectly.,Default socket option values are retrieved incorrectly.,DIRMINA-366,Bug,Thu- 5 Apr 2007 08:33:35 +0000,Wed- 16 May 2007 02:49:04 +0000,40,,,,,,,,-1,,,,-1,,,,,,,
MINA,b09c88d5a17be149093e8c4760e45ccd5695df87,,,,,,,,,,,,,,,,,,,,,,,,,
MINA,f85b2d3f30ddc004ef3640866adb36b964f621de,,,,,,,,,,,,-1,,,,-1,,,,-1,,,-1,,,,,,
MINA,b6a4ebf0451647ef394ebe5cfb8e99786886b5f5,Trustin Lee,[DIRMINA-179] Stream compression support,Stream compression support,DIRMINA-179,New Feature,Thu- 2 Mar 2006 19:09:25 +0000,Thu- 16 Mar 2006 20:15:02 +0000,9,,,,2,,,,,1,,,1,,,,,,,,
MINA,41aae707c731ff2bdaa22e61ebc9172dbe035f30,Trustin Lee,[DIRMINA-215] IoFuture.Callback.CLOSE,IoFuture.Callback.CLOSE,DIRMINA-215,New Feature,Mon- 15 May 2006 15:48:52 +0000,Wed- 17 May 2006 10:59:24 +0000,1,,,,,,,,,1,,,1,,,,,,,
MINA,d66a732a16f85f9a22fe6a0bea631e1ca4423cfb,,,,,,,,,,,,,,,,,,,,,,,2,,,
MINA,c03f96c1b8af35857e97a58b7aafdbcd845a909c,Emmanuel Lécharny,[DIRMINA-706] The project ftpserver can't work with mina-2.0-m5,The project ftpserver can't work with mina-2.0-m5,DIRMINA-706,Bug,Tue- 28 Apr 2009 08:02:09 +0000,Wed- 20 May 2009 22:30:38 +0000,0,,,,,,,,1,,,,,,,,,,
MINA,580b797602ea3cfeeed2d53fcaed25b8d7699013,,,,,,,,,,,,14,5,1,,6,2,,,16,,,10,,,,,,,,,
MINA,ca6cae0781c69d109d7365ce2b70a25819151c79,,,,,,,,,,,,,-1,,,-1,,,,-3,-2,,-1,,,,,,,
MINA,39b1befe8ccb71baf207f9de5ca291c1b42f40a9,,,,,,,,,,,,,,,,-2,1,,,-9,,,,,,,,
MINA,39a137357b55591f74ee68ef028f8c94cf667d6c,,,,,,,,,,,,-1,,,,,,,,,,,,,,
MINA,95c8a64382b1a428b6dc29ef8b128587ba87b85b,Trustin Lee,[DIRMINA-162] datagram session management fails,datagram session management fails,DIRMINA-162,Bug,Wed- 11 Jan 2006 07:55:53 +0000,Tue- 26 May 2009 00:48:16 +0000,244,,,,1,,,,,1,,,-2,,,,,,,,
MINA,99833b2282afd5b6047caf28c9f321665fa87e0c,,,,,,,,,,,,,,,,1,,,,,,,,,,
MINA,d100492f5302153307ca66401fd36312130bc135,,,,,,,,,,,,,,,,,-1,,,,,,,,,
MINA,35880a92131f9bb51f5093bbec63d16ea9afe234,,,,,,,,,,,,-6,,,,-1,,,,-6,-1,,-1,,,,,,,
MINA,e8b5fa0414ecc9873388fee6f7a382574db4fd3b,Trustin Lee,[DIRMINA-432] IoService method for writing Object to all the managed IoSession,IoService method for writing Object to all the managed IoSession,DIRMINA-432,New Feature,Mon- 3 Sep 2007 07:00:49 +0000,Tue- 26 May 2009 14:17:54 +0000,53,,,,-1,-2,,,-2,-2,,,-4,-1,,-6,,,,,,,,,
MINA,54b45c244907385fbc5d1a7a2d99fe504cfa6873,,,,,,,,,,,,-6,,,,-1,,,,-6,-1,,-1,,,,,,,
MINA,894f68eac0ed4e45279316ea594b977174830420,,,,,,,,,,,,,3,,,1,,,,2,,,3,,,,,,
MINA,19a4b199c3a5c85816346691ef8acde4ca6dfdc3,,,,,,,,,,,,1,,,,,,,,1,,,,,,,
MINA,1d48d746a66e7e26cc6a0a62a921b45a6c6f51f3,,,,,,,,,,,,,,-1,,,,,,,,,,,,
MINA,5dd3616c3827aa32c36be74c35194465c20a2f77,,,,,,,,,,,,,,,,,,1,,,,,,,,
MINA,67f4f8e48092da0317f1e436b445728ec76a64b4,,,,,,,,,,,,-6,,,,-1,,,,-6,-1,,-1,,,,,,,
MINA,4588dd4feb6c9ef39839bc607ec1340e53ef3a11,Trustin Lee,[DIRMINA-27] OSGi framework integration,OSGi framework integration,DIRMINA-27,New Feature,Sat- 7 May 2005 15:16:46 +0000,Fri- 30 Nov 2007 09:05:54 +0000,909,,,,13,11,,,5,1,,,10,2,,13,,,,,,,,,
MINA,ee57486219f7ccbc480c08df90e49f5d9abe5e96,,,,,,,,,,,,1,,,,,,,,2,,,,,,,
MINA,303df69552b021c6cb7d6f3fb97070808da0be1d,Edouard De Oliveira,[DIRMINA-415] Proxy support,Proxy support,DIRMINA-415,New Feature,Thu- 2 Aug 2007 10:18:20 +0000,Sun- 7 Jun 2009 07:54:40 +0000,491,,,,,2,,,,1,,,2,,,,,,,,
MINA,9a230c892c8167b2be1624d3ec955a473af76818,,,,,,,,,,,,1,,,,,,,,1,,,2,,,,,
MINA,c4e2cec8716f70b0d8ca64af8d53da01ebe545ba,,,,,,,,,,,,,,,,,,,,,,,,,
MINA,23e7e6efb75996a2b8dd2c74fcbe055ee5fa90f2,,,,,,,,,,,,,,,,,-1,,,,,,,,,
MINA,be7e6d28b57bf09a5554e17322b375ec9ee74d1e,Trustin Lee,[DIRMINA-306] Invalid sequence of events with VmPipe Transport,Invalid sequence of events with VmPipe Transport,DIRMINA-306,Bug,Mon- 13 Nov 2006 18:52:40 +0000,Tue- 26 May 2009 00:58:45 +0000,77,,,,-1,,,,-2,-1,,,-3,,,-2,,,,,,,
MINA,2764c02d518e960bc0eb83cab3c493a088b9ab64,Edouard De Oliveira,[DIRMINA-415] Proxy support,Proxy support,DIRMINA-415,New Feature,Thu- 2 Aug 2007 10:18:20 +0000,Sun- 7 Jun 2009 07:54:40 +0000,491,,,,,,,,1,3,,,2,,,2,,,,,,
MINA,611222a1d773c47d8d689c0eb2916934c6465d68,,,,,,,,,,,,,,,,,1,,,3,1,,2,,,,,,
MINA,5c57e22705f8827d4f341033c39305763b436df7,,,,,,,,,,,,,,,,,1,,,,,,,,,
MINA,bb8193ade50a1666cb65282300badc135344b250,,,,,,,,,,,,,1,,,,,,,,,,,,,
MINA,94ab0ad62d3338e2835c87a0f51ee6362738c378,,,,,,,,,,,,,,,,1,1,,,1,,,,,,,,
MINA,adf11feaec713566949d08a0adbaaaa4c2ed4a34,Niklas Therning,[DIRMINA-314] LoggingFilter should use different loggers for each event and the logger prefix and level should be configurable,LoggingFilter should use different loggers for each event and the logger prefix and level should be configurable,DIRMINA-314,New Feature,Tue- 21 Nov 2006 09:07:03 +0000,Tue- 26 May 2009 14:29:02 +0000,124,,,,,,,,1,,,,,,,,,,
MINA,00528a71703cc59c83672b29aafbcab5a30c5e58,,,,,,,,,,,,,,,,2,,,,2,,,5,,,,,
MINA,206bf6d45680ac6a97c5aae45e82d8542afe93ac,,,,,,,,,,,,,,,,2,,,,2,2,,3,,,,,,
MINA,3e0b62e2937f9a03c36db6194389bf36d1fc21e9,,,,,,,,,,,,,,,,1,,,,,,,,,,
MINA,0eed9c3f42e772dced38ce11148f92223f834664,,,,,,,,,,,,,,,,,,,,-1,,,-2,,,,
MINA,c3aebb56044154bb99e3f89d40b11625ce4fbc49,,,,,,,,,,,,1,,,,,,,,1,,,,,,,
MINA,851472062193ee3d14f4ae999c2a76703cac81c6,,,,,,,,,,,,,,,,,-1,,,,,,,,,
MINA,d062272389dc70cbcf5f2b2c4fdcd514f5a4284e,Niklas Therning,[DIRMINA-457] Move MINA-SM to the trunk,Move MINA-SM to the trunk,DIRMINA-457,Task,Mon- 15 Oct 2007 07:40:32 +0000,Tue- 23 Oct 2007 02:10:43 +0000,5,,,,1,,1,,,1,,,,,,4,,,,,,
MINA,29e4c4800f1ddfbb76203fcd1964b8ebb415a145,,,,,,,,,,,,-10,-5,-1,,-6,-2,,,-16,,,-7,,,,,,,,,
MINA,39d3f3d50a0f6944d2d3a5389c4e01a26ab3b37e,Mike Heath,[DIRMINA-495] IoConnector needs a way to store information into the IoSession before the IoHandler gets ahold of it,IoConnector needs a way to store information into the IoSession before the IoHandler gets ahold of it,DIRMINA-495,New Feature,Wed- 12 Dec 2007 01:21:51 +0000,Fri- 28 Dec 2007 03:03:48 +0000,15,,,,,1,,,,,,,,,,,,,
MINA,fd4ddfe0dd1a9aa1b173ecb3aa7a950e7edbe2e3,,,,,,,,,,,,5,,,,,-1,,,4,,,4,,,,,,
MINA,6418ec5c060e38b3fb4b9b4ac9c9c651f6378339,,,,,,,,,,,,1,,,,,,,,1,,,,,,,
MINA,c3de2a091df0498f83210c76aed7eb284074b3be,Trustin Lee,[DIRMINA-368] IoFilter.messageSent should have access to WriteRequest instead of the written message.,IoFilter.messageSent should have access to WriteRequest instead of the written message.,DIRMINA-368,Improvement,Wed- 11 Apr 2007 13:33:31 +0000,Tue- 26 May 2009 14:20:45 +0000,0,,,,,1,,1,1,1,,,1,,,,,,,,,,
MINA,bbcbd7a18fa84b5b252977a2002a6bed1d72dde5,,,,,,,,,,,,,,,,,,,,-1,,,,,,
MINA,7800974144718f5b40b311dee49798b6259b0fa0,Trustin Lee,[DIRMINA-405] IoSession.suspendRead() doesn't suspend read operation immediately when ProtocolCodecFilter is used.,IoSession.suspendRead() doesn't suspend read operation immediately when ProtocolCodecFilter is used.,DIRMINA-405,Bug,Thu- 26 Jul 2007 06:18:21 +0000,Fri- 27 Jul 2007 17:15:20 +0000,1,,,,,,,,,,,,-1,,,,,,
MINA,d8b2599c359d1def795da082e92c56b022d2e274,Trustin Lee,[DIRMINA-546] Reduce unnecessary system calls when a new session is created.,Reduce unnecessary system calls when a new session is created.,DIRMINA-546,Improvement,Tue- 11 Mar 2008 10:08:55 +0000,Tue- 11 Mar 2008 12:01:23 +0000,0,,,,,,,,,,,,1,,,,,,
MINA,aa0c474ae433a7a035bbe6f13c7737c3926a75e9,,,,,,,,,,,,-5,,,,-1,,,,-2,,,,,,,,
MINA,72dfee362a425a31d0f7173e9a46f6c4c29d5ab5,Trustin Lee,[DIRMINA-251] PooledThreadModel must allow the application to specify a ThreadPool implementation,PooledThreadModel must allow the application to specify a ThreadPool implementation,DIRMINA-251,Improvement,Tue- 5 Sep 2006 04:07:39 +0000,Tue- 26 May 2009 00:57:05 +0000,0,,,,1,,,,,,,,,,,,,,
MINA,1391b11b6b738cdd40b671cdb55e9b70d6bc367e,,,,,,,,,,,,,1,,,-1,,,,-6,,,,,,,,
MINA,d1144f8468f310c44fcdf8897e3609f4870b7074,,,,,,,,,,,,,,,,,,,,-1,,,,,,
MINA,4ef418c00daab5f2443dc7b86f3052afd8570603,,,,,,,,,,,,2,,,,,,,,,,,,,,
MINA,710c0b36207a78644e659a28ccb6b1d1db73faa1,Trustin Lee,[DIRMINA-292] Shared I/O processors.,Shared I/O processors.,DIRMINA-292,New Feature,Thu- 19 Oct 2006 13:48:37 +0000,Thu- 2 May 2013 02:29:08 +0000,384,,,,6,,,,1,,,,6,1,,1,,,,,,,
MINA,a7d75db455f040c33dd2e7cad23b346a2fb86232,,,,,,,,,,,,6,,,,1,,,,6,1,,1,,,,,,,
MINA,6f164b0110dc8d27ee107994131a11f468f05858,Trustin Lee,[DIRMINA-439] DemuxingProtocolEncoder and DemuxingProtocolDecoder by refactoring DemuxingProtocolCodecFactory,DemuxingProtocolEncoder and DemuxingProtocolDecoder by refactoring DemuxingProtocolCodecFactory,DIRMINA-439,New Feature,Mon- 17 Sep 2007 11:59:20 +0000,Tue- 26 May 2009 14:16:56 +0000,42,,,,,-1,,,1,-1,,,,,,1,,,,,,
MINA,f75c64d05ad5a6acd5818fe001c3d3fcae957db8,,,,,,,,,,,-1,-5,-6,,,-11,-6,,,-41,,-1,-16,,,,,,,,,,
MINA,d6ac1a548ab3777e75f339dc653c8aaebc75deac,,,,,,,,,,,,-1,,,,,,,,-1,,,,,,,
MINA,1a0641f4dab15a0ca54640aba8d465a73001e6e8,,,,,,,,,,,,,,,,2,,,,,,,,,,
MINA,5d13a7f440557c5432d22291a8efc4d10722da5c,,,,,,,,,,,,-15,-5,-1,,-6,-2,,,-16,,,-10,,,,,,,,,
MINA,fb835269773d722b95108a496a1189ef083b8237,Trustin Lee,[DIRMINA-369] StreamIoHandler can flush garbled data.,StreamIoHandler can flush garbled data.,DIRMINA-369,Bug,Fri- 13 Apr 2007 12:22:28 +0000,Tue- 26 May 2009 00:59:49 +0000,0,,,,,,,,-1,,,,,,,-2,,,,
MINA,4d5100e38080ae0e9a49d59202f369aa1cd6fa49,,,,,,,,,,,,,2,,,,,,,1,,,,,,,
MINA,36b569077405f767dc8fc3eb26235c925cb66dc7,Niklas Therning,[DIRMINA-463] Find the best way to specify both MINA and non-MINA events.,Find the best way to specify both MINA and non-MINA events.,DIRMINA-463,Task,Mon- 29 Oct 2007 03:27:45 +0000,Tue- 26 May 2009 14:15:40 +0000,7,,,,6,,,,1,,,,6,1,,1,,,,,,,
MINA,5392d8d363c3e4700f27845b4c4703ac2ccbf9ed,,,,,,,,,,,,,,,,1,,,,,,,,,,
MINA,44c5a153ede5d6fb8a37e12e8674d671662c1c28,,,,,,,,,,,,-1,,,,,,,,1,,,-2,,,,,
MINA,fadb5c080aa4eae1af24514129b6b750b4afc1a2,Trustin Lee,[DIRMINA-334] Add an option that disables event ordering in ExecutorFilter.,Add an option that disables event ordering in ExecutorFilter.,DIRMINA-334,New Feature,Mon- 15 Jan 2007 03:37:40 +0000,Tue- 26 May 2009 14:26:07 +0000,177,,,,,,,,,1,,,,,,2,,,,
MINA,5690e4df6cb602f5b0d217d9db234871c91b9f0d,,,,,,,,,,,,1,,,,,,,,1,,,,,,,
MINA,b9d5c894ea041beb2dbc0e2bdf2f205bfc9d1aed,Trustin Lee,[DIRMINA-365] Make use of covariant return types,Make use of covariant return types,DIRMINA-365,Improvement,Tue- 3 Apr 2007 05:26:34 +0000,Thu- 5 Apr 2007 09:48:04 +0000,2,,,,,,,,,,,,-2,,,,,,
MINA,6dd503714eb4427ace33f967a0f358ff728e1461,Trustin Lee,[DIRMINA-274] remove java generics compiler warnings,remove java generics compiler warnings,DIRMINA-274,Improvement,Mon- 2 Oct 2006 14:23:39 +0000,Tue- 26 May 2009 00:59:25 +0000,182,,,,-1,,,,-3,-2,-1,,-3,,,,,,,,,,
MINA,19a9be0e18ed6c68ada9bae2ea6e21a8bdc17ad5,Trustin Lee,[DIRMINA-162] datagram session management fails,datagram session management fails,DIRMINA-162,Bug,Wed- 11 Jan 2006 07:55:53 +0000,Tue- 26 May 2009 00:48:16 +0000,244,,,,,,-1,,1,1,,,-2,,,,,,,,,
MINA,6fea27c98213c50b9a8e379f3b6ecd400b29708f,Edouard De Oliveira,[DIRMINA-394] Port the 'Haiku' example to 1.0 and trunk,Port the 'Haiku' example to 1.0 and trunk,DIRMINA-394,Task,Thu- 5 Jul 2007 07:49:21 +0000,Mon- 11 Aug 2008 08:19:09 +0000,384,,,,,,,,1,,,,,,,,,,
MINA,671d240d27f7cfe3b3d7fc78a4d7f89ce857c375,Trustin Lee,[DIRMINA-176] ByteBuffer pool manager which prevents endlessly increasing pool size.,ByteBuffer pool manager which prevents endlessly increasing pool size.,DIRMINA-176,New Feature,Wed- 22 Feb 2006 23:21:03 +0000,Tue- 26 May 2009 00:48:58 +0000,16,,,,,,,,,,,,1,,,,,,
MINA,16a4cec3166c35fbe1092c0b8b5e54cb4deaad03,,,,,,,,,,,,1,,,,,,,,,,,,,,
MINA,0e21f861281fc45eee12128c29be118b3b3a80fa,,,,,,,,,,,,,,,,-2,,,,,,,,,,
MINA,e082be35742d2399e033231e84e96e80ff51bded,,,,,,,,,,,,5,,,,1,,,,3,,,,,,,,
MINA,1a092a38d79058266cbb8c0ec860fc32f29c976e,Trustin Lee,[DIRMINA-187] Support IoHandler per IoSession (SingleSessionIoHandler),Support IoHandler per IoSession (SingleSessionIoHandler),DIRMINA-187,New Feature,Thu- 9 Mar 2006 05:50:34 +0000,Tue- 26 May 2009 00:49:31 +0000,14,,,,,,,,,1,,,1,,,2,,,,,
MINA,d4a689791eac44a16a90f950a541f45d67d79202,,,,,,,,,,,,15,5,1,,6,2,,,16,,,10,,,,,,,,,
MINA,7b2707ebf121bb92cf84e52f9f4ff38d721fae64,Unassigned,[DIRMINA-755] IoConnectot.dispose blocks forever,IoConnectot.dispose blocks forever,DIRMINA-755,Bug,Wed- 13 Jan 2010 10:50:14 +0000,Sat- 27 Feb 2010 12:40:52 +0000,4,,,,,-1,,,,,,,,,,,,,
MINA,630b796323b6b7aa3461bbe9ede8b3efff6a2450,,,,,,,,,,,,,,,,1,,,,,,,,,,
MINA,bb52df2e184b271e4ab0be224819fecb2c122b7d,Mike Heath,[DIRMINA-495] IoConnector needs a way to store information into the IoSession before the IoHandler gets ahold of it,IoConnector needs a way to store information into the IoSession before the IoHandler gets ahold of it,DIRMINA-495,New Feature,Wed- 12 Dec 2007 01:21:51 +0000,Fri- 28 Dec 2007 03:03:48 +0000,15,,,,,-8,,,,,,,-3,,,,,,,
MINA,0346604944af88b5f97b850e806b497c7ee69690,Edouard De Oliveira,[DIRMINA-616] New release.xml file,New release.xml file,DIRMINA-616,Improvement,Tue- 12 Aug 2008 20:40:13 +0000,Tue- 8 Feb 2011 11:03:46 +0000,312,,,,-5,,,,-1,,,,-3,,,,,,,,
MINA,34ddcd4134dba61bdd76b6d6a99c29143b857d54,Trustin Lee,[DIRMINA-469] Write throughput is horribly low.,Write throughput is horribly low.,DIRMINA-469,Bug,Mon- 5 Nov 2007 02:58:51 +0000,Mon- 5 Nov 2007 03:02:38 +0000,0,,,,,-1,,,,,,,,,,,,,
MINA,91a8e4a7eb711b552a29f8665c9320908d067ae6,,,,,,,,,,,,,,,,,,,,1,,,,,,
MINA,0b75310ae80408e4230ecc82a9467f1d00d681c2,,,,,,,,,,,,,,,,,,,,1,,,,,,
MINA,df67b251953ebe2deae4408c2b01d7783140b753,,,,,,,,,,,,-6,,,,-1,,,,-6,-1,,-1,,,,,,,
MINA,0b5e1b05d681da7a141ae336fb5ca757f3fe46ee,Trustin Lee,[DIRMINA-456] Provide mechanism for detecting a dead lock caused by calling IoFuture.await() in an I/O processor thread.,Provide mechanism for detecting a dead lock caused by calling IoFuture.await() in an I/O processor thread.,DIRMINA-456,Improvement,Fri- 12 Oct 2007 19:32:08 +0000,Tue- 26 May 2009 14:15:59 +0000,6,,,,-3,,,,-1,,,,-6,-1,,-1,,,,,,,
MINA,e86a643050c6e0e19e75390faa94429b2b8f9c82,,,,,,,,,,,,,,,,,1,,,,,,,,,
MINA,9cf1bfdb9ba2ffa79733b57e824af93010e92488,Trustin Lee,[DIRMINA-231] SocketConnector thread leak,SocketConnector thread leak,DIRMINA-231,Bug,Mon- 31 Jul 2006 10:57:49 +0000,Thu- 10 Aug 2006 07:13:54 +0000,8,,,,,,,,,,,,,,,,,
MINA,5c50eb324d82d504bd10b24e2c2a8fdd716fde51,Trustin Lee,[DIRMINA-380] Invocation chaining for IoFuture,Invocation chaining for IoFuture,DIRMINA-380,New Feature,Mon- 21 May 2007 07:30:54 +0000,Thu- 7 Jun 2007 09:17:36 +0000,17,,,,,-3,,,,,,,-3,,,,,,,
MINA,654f07f7fe3120dc99b1a240a9f5cf00ba13a076,Trustin Lee,[DIRMINA-417] Move idleTime and writeTimeout property to IoSessionConfig (from IoSession).,Move idleTime and writeTimeout property to IoSessionConfig (from IoSession).,DIRMINA-417,Task,Fri- 3 Aug 2007 08:09:57 +0000,Sat- 18 Aug 2007 02:54:12 +0000,14,,,,,1,,,,,,,3,,,,,,,
MINA,c8367267ea1330dcba9b9c45e3f1ce97005a800b,,,,,,,,,,,,,,,,,-1,,,,,,,,,
MINA,c5ab3ca1da04960c2e57a25f18c7b3be68be348f,,,,,,,,,,,,-6,,,,-1,,,,-6,-1,,-1,,,,,,,
MINA,ec36c34649535f99079a8646f73ae0d82c924318,,,,,,,,,,,,,,,,-1,,,,,-2,,,,,,
MINA,4171c6a7075bd00f124ad94a0dd34996b44d596f,,,,,,,,,,,,,,,,,,,,,,,-1,,,
MINA,7c9e7111449296dc2346e254f6ed07312a0b5a9e,,,,,,,,,,,,-4,,,,-1,,,,,,,-3,,,,,
MINA,b0d9c7d8c12884ac005726e6e6edbc6a78d60fad,Trustin Lee,[DIRMINA-341] Allow binding multiple SocketAddresses per IoAcceptor.,Allow binding multiple SocketAddresses per IoAcceptor.,DIRMINA-341,New Feature,Sun- 28 Jan 2007 04:06:54 +0000,Thu- 2 May 2013 02:29:08 +0000,285,,,,,,,,,,,,-2,,,,,,
MINA,4c163be9661c2a0c468281e73001288b04559dfa,,,,,,,,,,,,6,,,,1,,,,7,1,,1,,,,,,,
MINA,64143243dd75b269c12a2088219f6966ca35bb94,,,,,,,,,,,,,-2,,,-1,,,,,,,,,,,
MINA,23b613b68a74d2418e693c757c2b961d88d73674,,,,,,,,,,,,,-1,,,,,,,,,,,,,
MINA,f308ffa3c503ee723ba63d5c5074e8e46f517790,,,,,,,,,,,,9,5,,,3,,,,11,2,,1,,,,,,,,
MINA,095c88ab280fabdd2adab8296bc688363cd15b1f,,,,,,,,,,,,16,13,1,,7,5,1,,34,4,1,19,,,,,,,,,,,,
MINA,2dd14695b969df61d2e68bd3451f7365c7fc191f,Trustin Lee,[DIRMINA-214] The InputStream that StreamIoHandler provides is closed too early.,The InputStream that StreamIoHandler provides is closed too early.,DIRMINA-214,Bug,Mon- 15 May 2006 10:21:02 +0000,Tue- 26 May 2009 00:51:37 +0000,0,,,,,,,,-1,,,,-1,,,,,,,
MINA,5b98a6c18d56c42d52553578e1e2fd3a60198d68,,,,,,,,,,,,5,5,,,3,,,,12,2,,1,,,,,,,,
MINA,6d67f2f6d011b24a9d10d599a5a7c9ff31364b54,Trustin Lee,[DIRMINA-568] Improve KeepAliveFilter to provide customizable timeout handler.,Improve KeepAliveFilter to provide customizable timeout handler.,DIRMINA-568,Improvement,Wed- 9 Apr 2008 11:26:05 +0000,Fri- 27 Jun 2008 09:15:39 +0000,0,,,,,,,,1,,,,,,,2,,,,
MINA,b7280d51151ea735019edf0f9686bff661656020,Niklas Therning,[DIRMINA-229] IoSessionOutputStream write methods should not return before the I/O operation is fully completed,IoSessionOutputStream write methods should not return before the I/O operation is fully completed,DIRMINA-229,Bug,Sun- 30 Jul 2006 12:10:38 +0000,Tue- 22 Aug 2006 05:48:29 +0000,2,,,,,,,,1,,,,,,,,,,
MINA,0cf7bc816b3c3b3ee8aa5bca983cbd8835fd6a90,,,,,,,,,,,,,1,,,,,,,,,,,,,
MINA,8508e94cf083a52d4d263c1b893504d36a5b5991,,,,,,,,,,,,,5,1,,3,2,,,3,,,7,,,,,,,,
MINA,b9b7ab781b1b4cec85e4752ed1a280449b278ac4,,,,,,,,,,,,,,,,,,,,-1,,,,,,
MINA,1448380da6b7e832750426311747e5caa9392b2c,Trustin Lee,[DIRMINA-321] BufferUnderflowException in ObjectSerializationInputStream,BufferUnderflowException in ObjectSerializationInputStream,DIRMINA-321,Bug,Wed- 13 Dec 2006 06:29:17 +0000,Wed- 13 Dec 2006 07:30:45 +0000,0,,,,,,,,1,,,,10,,,,,,,
MINA,c4ae26d4c96a18fa11c99df2d5c751b1a51e8230,,,,,,,,,,,,9,5,,,3,,,,11,2,,1,,,,,,,,
MINA,8262d739c80cb2f39a75c24fd8cebf6ea6586a05,,,,,,,,,,,,,2,,,,-1,,,,,,,,,,
MINA,9265133922c62e9391c6364b04b550416f3b05d2,,,,,,,,,,,,6,,,,1,1,,,-2,1,,1,,,,,,,,
MINA,97b6367262fb81108eab7df3600d0f435e653e28,,,,,,,,,,,,-6,,,,-1,,,,-5,-1,,-1,,,,,,,
MINA,27501b4725b28984f66172c954c79a30e4057002,,,,,,,,,,,,-1,,,,,,,,,,,,,,
MINA,7983add50a66e1e8d610130dafe74732bec7043e,,,,,,,,,,,,,1,,,,,,,,,,,,,
MINA,4d70edfd3d05297e15cd8ff23b02b86b0e31254c,Trustin Lee,[DIRMINA-269] Cancellation operation for ConnectFuture,Cancellation operation for ConnectFuture,DIRMINA-269,New Feature,Wed- 20 Sep 2006 08:58:37 +0000,Tue- 26 May 2009 14:35:39 +0000,373,,,,,-3,,,,,,,-2,,,,,,,
MINA,d0653c348c443c4b2d9a195513262a7293789018,,,,,,,,,,,,-6,,,,-1,,,,-6,-1,,-1,,,,,,,
MINA,912385eb3402a82ce69ee2c994e5b11c4ddffca1,Edouard De Oliveira,[DIRMINA-519] BufferingFilter,BufferingFilter,DIRMINA-519,New Feature,Thu- 24 Jan 2008 09:58:30 +0000,Sun- 7 Jun 2009 07:54:34 +0000,199,,,,-5,,,,-1,,,,-3,,,,,,,,
MINA,22e94f4685c5618ae19000c0e7e77e350fe046ff,,,,,,,,,,,,,1,,,,,,,2,,,1,,,,,
MINA,cdc70d72ef3a7369085651a93b6f5369098638dc,,,,,,,,,,,,,1,,,,,,,1,,,,,,,
MINA,ce67655b579b798bf1d9453daba3b3ec67441816,,,,,,,,,,,,,,,,,,,,,1,,,,,
MINA,40fbf71f1168765c806d50785e347adaa585fd3d,,,,,,,,,,,,,-1,,,,,,,-1,,,,,,,
MINA,bbc5a2553472cc938601abc1bc25fbe574acdb7b,,,,,,,,,,,,,,,1,,,,,1,,,,,,,
MINA,fe4e6c68d9e9a942aa1feaacd41a0db5dce81fba,,,,,,,,,,,,,,,,,,,,,,,3,,,
MINA,f406855a2cb9b03ebd47e8ae5ad84b72a0b5a4dd,,,,,,,,,,,,6,,,,1,,,,6,1,,1,,,,,,,
MINA,bc10d02dd18b329e2cbeadceb91b302da66894ca,,,,,,,,,,,,1,,,,-1,,,,,,,2,,,,,
MINA,7eacbd8c73450ed71ebe9e2b2e793a703a86e7ae,Edouard De Oliveira,[DIRMINA-608] Move stats out of the IoService API,Move stats out of the IoService API,DIRMINA-608,Improvement,Sun- 13 Jul 2008 13:02:32 +0000,Wed- 20 May 2009 11:59:38 +0000,28,,,,5,,,,,,,,3,,,,,,,
MINA,f946bde597202d88d979d61e6e43ec3a31156f3d,Trustin Lee,[DIRMINA-317] add supporting statistical methods to IoService,add supporting statistical methods to IoService,DIRMINA-317,New Feature,Tue- 28 Nov 2006 01:49:46 +0000,Sun- 30 Sep 2007 23:47:46 +0000,306,,,,,,,-2,,,,,-2,,,,,,,
MINA,e2f3e703c93d3a38ea84793880a51b25f15ada96,Trustin Lee,[DIRMINA-217] Make IoFuture and its subclasses interfaces,Make IoFuture and its subclasses interfaces,DIRMINA-217,Improvement,Wed- 17 May 2006 10:03:57 +0000,Wed- 17 May 2006 10:40:46 +0000,0,,,,-1,4,,,-1,,,,-2,,,1,,,,,,,
MINA,73cc4a1404c9e295c849f5c921c849d387dd0ae2,Trustin Lee,[DIRMINA-547] Reduce unnecessary thread creation and destruction caused by IdleStatusChecker,Reduce unnecessary thread creation and destruction caused by IdleStatusChecker,DIRMINA-547,Improvement,Tue- 11 Mar 2008 14:00:51 +0000,Tue- 11 Mar 2008 14:02:35 +0000,0,,,,,1,,,,,,,,,,,,,
MINA,3f659d731b534c95ae795016bbcf6c0b6abd952d,Trustin Lee,[DIRMINA-375] Synchronous Client API,Synchronous Client API,DIRMINA-375,New Feature,Sat- 12 May 2007 14:51:54 +0000,Mon- 19 Nov 2007 00:19:16 +0000,184,,,,-6,,,,-1,,,,-6,-1,,-1,,,,,,,
MINA,6b8aa11b16ffe0a6e1c821e6d037b492446577dc,,,,,,,,,,,,-11,-5,-1,,-6,-2,,,-16,,,-7,,,,,,,,,
MINA,f2039b34dc7adaf974132707a160b2e9896c0a38,Trustin Lee,[DIRMINA-473] ReadThrottleFilter throws IllegalStateException,ReadThrottleFilter throws IllegalStateException,DIRMINA-473,Bug,Sat- 10 Nov 2007 23:46:03 +0000,Fri- 22 Jan 2010 17:26:34 +0000,249,,,,,,,,1,,,,7,,,,,,,
MINA,d007652ddb2ac8ace51f46490de1fa9604fd5cf1,,,,,,,,,,,,5,,,,1,,,,3,,,,,,,,
MINA,a7cadb75bafc504c231f5b81dcd105f84a264c75,Trustin Lee,[DIRMINA-482] ProfilerTimerFilter synchronizes on a non-final lock object,ProfilerTimerFilter synchronizes on a non-final lock object,DIRMINA-482,Improvement,Wed- 21 Nov 2007 14:21:33 +0000,Sun- 7 Jun 2009 08:00:27 +0000,0,,,,-6,,,,-1,,,,-6,-1,,-1,,,,,,,
MINA,d616c6056add234aad29168ad1eca3a1cc14cd08,Mike Heath,[DIRMINA-495] IoConnector needs a way to store information into the IoSession before the IoHandler gets ahold of it,IoConnector needs a way to store information into the IoSession before the IoHandler gets ahold of it,DIRMINA-495,New Feature,Wed- 12 Dec 2007 01:21:51 +0000,Fri- 28 Dec 2007 03:03:48 +0000,15,,,,,4,,,,,,,3,,,,,,,
MINA,08e0cb6a98cd9ee4797e33c065bbfc5196536392,,,,,,,,,,,,,3,,,,,,,1,,,,,,,
MINA,c3b9024af49ef17faef0994dda37dfc29a1a43ae,Trustin Lee,[DIRMINA-393] Allow users to choose a Map implementation for storing session attributes.,Allow users to choose a Map implementation for storing session attributes.,DIRMINA-393,New Feature,Thu- 5 Jul 2007 05:07:33 +0000,Tue- 26 May 2009 14:19:29 +0000,116,,,,6,1,,,1,,,,4,1,,1,,,,,,,,
MINA,d2f937b55a3d7f6f393f8028b4e39b9dea745879,Trustin Lee,[DIRMINA-322] Remove ThreadModel,Remove ThreadModel,DIRMINA-322,Improvement,Wed- 13 Dec 2006 07:49:15 +0000,Wed- 13 Dec 2006 07:52:00 +0000,0,,,,,,,,,-1,,,,,,,,,
MINA,9b9c96cb4bbff37f486267561f039d9e9244f803,Julien Vermillard,[DIRMINA-858] write future implementation,write future implementation,DIRMINA-858,New Feature,Sat- 3 Sep 2011 08:01:52 +0000,Fri- 24 May 2019 16:06:43 +0000,68,,,,,,,,,,,,,,,1,,,
MINA,87e11cf504ef244ac808bd82dd493fd979276c19,Trustin Lee,[DIRMINA-462] Thread.setName causes SecurityException in sandbox contexts (such as Applets),Thread.setName causes SecurityException in sandbox contexts (such as Applets),DIRMINA-462,Improvement,Wed- 24 Oct 2007 15:50:26 +0000,Thu- 25 Oct 2007 23:53:32 +0000,0,,,,,,,,,,,,1,,,,,,
MINA,475c76899ed7752f49be242708d8645338dc549d,Emmanuel Lécharny,[DIRMINA-664] EMPTY_* IoBuffer constants can be made mutable and cause data errors,EMPTY_* IoBuffer constants can be made mutable and cause data errors,DIRMINA-664,Bug,Thu- 26 Feb 2009 17:11:55 +0000,Sun- 7 Jun 2009 07:55:19 +0000,0,,,,,,,,,-1,,,,,,,,,
MINA,861d50b5b05674dd5f7b7634af9ce44f404a03c0,Trustin Lee,[DIRMINA-323] Remove ByteBuffer pooling / acquire() / release(),Remove ByteBuffer pooling / acquire() / release(),DIRMINA-323,Improvement,Wed- 13 Dec 2006 07:56:41 +0000,Wed- 13 Dec 2006 08:37:54 +0000,0,,,,-1,,,,,,,,-3,,,,,,,
MINA,eb27a0f9cf62ccf00fc5df29a1f2670c1c85a70b,Niklas Therning,[DIRMINA-227] Chat server example with Spring configuration,Chat server example with Spring configuration,DIRMINA-227,New Feature,Mon- 24 Jul 2006 10:21:38 +0000,Thu- 21 Sep 2006 22:34:16 +0000,59,,,,,,,,2,,,,,1,,3,,,,,
MINA,5a5b96abf0b31e18148c99ed69b647ad2ab899e3,,,,,,,,,,,,,,,,,,,,1,,,,,,
MINA,b582ca568f9446c8bade41aa841201af4fcb152e,,,,,,,,,,,,-1,,,,,,,,,,,,,,
MINA,a55da9b22333f1767d69ee011c31a384332e5b42,,,,,,,,,,,,,1,,,,,,,1,,,,,,,
MINA,6dd0f67c94c26cedeec96d071c9cc00d2304812d,,,,,,,,,,,,,-1,,,,,,,,,,,,,
MINA,1ae8ccc15e2b3a7a4a841b75f0b263ab5b0f924f,,,,,,,,,,,,6,,,,1,-1,,,4,1,,,,,,,,,
MINA,5fa24c79c50ad95ff88047821e2cd9427a72bd63,Trustin Lee,[DIRMINA-239] Allow multiple Callbacks per IoFuture,Allow multiple Callbacks per IoFuture,DIRMINA-239,Improvement,Thu- 3 Aug 2006 08:35:32 +0000,Tue- 5 Sep 2006 05:00:42 +0000,32,,,,,,,,,,,,1,1,,,,,,
MINA,450c0acec4f820ad34645e50b0afa2a68e5966a4,Edouard De Oliveira,[DIRMINA-623] Failure of test org.apache.mina.proxy.NTLMTest.testType1Message on windows Vista,Failure of test org.apache.mina.proxy.NTLMTest.testType1Message on windows Vista,DIRMINA-623,Test,Tue- 23 Sep 2008 15:48:21 +0000,Sun- 7 Jun 2009 07:54:10 +0000,56,,,,1,,,,,,,,,,,,,,
MINA,266bc160e90185aa08a6886c1c25b8af20ddad6a,,,,,,,,,,,,,,,,,-1,,,-3,-1,,-2,,,,,,
MINA,5351ccfb462570c6cc9d9ab50ae7fab40369fcbf,,,,,,,,,,,,,,,,1,1,,,1,,,,,,,,
MINA,b79845c024bd0201d409d5674b27bbc74c0e2cd7,,,,,,,,,,,,,,,,,-1,,,,,,,,,
MINA,d0799b0baaeab183f350eff2581f2741e5e4ef3e,,,,,,,,,,,,5,,,,1,,,,3,,,,,,,,
MINA,5445c3a3f9189a6f551bb5597b8c194e86dd8666,,,,,,,,,,,,,,,-1,,,,,-1,,,,,,,
MINA,ba49e3021181c60d8b1540e645483a87f346f313,,,,,,,,,,,,-14,-5,-1,,-6,-2,,,-16,,,-10,,,,,,,,,
MINA,a9c99cf7e3c1a686a55f85be3442fda12aa120b5,Trustin Lee,[DIRMINA-331] StatCollector is not thread safe and some stats are being mixed up,StatCollector is not thread safe and some stats are being mixed up,DIRMINA-331,Bug,Fri- 12 Jan 2007 08:07:46 +0000,Tue- 26 May 2009 00:58:16 +0000,18,,,,,,,,,-1,,,-2,-1,,-1,,,,,,
MINA,2a41ae14294ab24a37abb6ed23ad2f628105bc9c,,,,,,,,,,,,,,,,,,,,-10,,,,,,
MINA,a87c793f2ca47fda5c40ee9b166023e04872720e,,,,,,,,,,,,,,,,-1,,,,,,,,,,
MINA,5f53d00241eaa484a4b04c50243ce66e89dcc0c1,,,,,,,,,,,,,,,,,,,,2,,,1,,,,
MINA,7ade03fa1491f04444c8738e42a7570bd5dbe0d1,,,,,,,,,,,,6,,,,1,,,,6,1,,1,,,,,,,
MINA,a8c1e6218ae458c85665a3c054d9b1d04343f6fa,Trustin Lee,[DIRMINA-283] Sessions are not recycled in IPv6 environment when bind interface is not specified.,Sessions are not recycled in IPv6 environment when bind interface is not specified.,DIRMINA-283,Bug,Mon- 9 Oct 2006 03:12:30 +0000,Mon- 9 Oct 2006 03:22:33 +0000,0,,,,,1,,,1,1,,,,,,,,,,,
MINA,a9c291e8b50f40864db570f6a65473ce87891153,,,,,,,,,,,,,2,,,1,,,,1,,,,,,,,
MINA,c12f4b2a6478971141b18307fa298fed6bb4a5a5,Trustin Lee,[DIRMINA-405] IoSession.suspendRead() doesn't suspend read operation immediately when ProtocolCodecFilter is used.,IoSession.suspendRead() doesn't suspend read operation immediately when ProtocolCodecFilter is used.,DIRMINA-405,Bug,Thu- 26 Jul 2007 06:18:21 +0000,Fri- 27 Jul 2007 17:15:20 +0000,1,,,,,,,,,,,,1,,,,,,
MINA,f1cf9724a9b2aca59a301c28eac721af07d3425c,Trustin Lee,[DIRMINA-240] VmPipeConnectors hands out non-unique AnonymousSocketAddresses,VmPipeConnectors hands out non-unique AnonymousSocketAddresses,DIRMINA-240,Bug,Mon- 7 Aug 2006 09:19:36 +0000,Tue- 22 Aug 2006 15:16:15 +0000,14,,,,,,,,,-1,,,,,,,,,
MINA,b73b0d7eb6a3a6651c7361189e808098431576a4,,,,,,,,,,,,,,,,,,,,1,,,,,,
MINA,28a8c22fea37be56180492a52edbb6f643780b6b,,,,,,,,,,,,-1,-4,,,,,,,-7,,,,,,,,
MINA,ea688dc8dde370b880a6500639d803c0491e6b3b,,,,,,,,,,,,,,,,,,,,,,,-1,,,
MINA,afd978afb7f574810c3bc909be23c9c75151be59,,,,,,,,,,,,-5,,,,-1,1,,,-3,,,,,,,,,
MINA,0c72761b4d158b3447989e29b2eaa5bd9502151e,,,,,,,,,,,,,,,,,-1,,,-3,-1,,-2,,,,,,
MINA,8877ea271fe411282decc24d4568ca93cba431ed,Trustin Lee,[DIRMINA-473] ReadThrottleFilter throws IllegalStateException,ReadThrottleFilter throws IllegalStateException,DIRMINA-473,Bug,Sat- 10 Nov 2007 23:46:03 +0000,Fri- 22 Jan 2010 17:26:34 +0000,249,,,,,,,,-1,,,,-7,,,,,,,
MINA,0fa430bdacdd97e3f4f563c8389c7105a0e66cbf,,,,,,,,,,,,,1,,,,,,,,,,,,,
MINA,456971c0a33707bbccf11bad7ce8688e46368539,,,,,,,,,,,,-6,,,,-1,,,,-6,-1,,-1,,,,,,,
MINA,aca02e76a44943028e34de49140231846d09c8bc,Edouard De Oliveira,[DIRMINA-608] Move stats out of the IoService API,Move stats out of the IoService API,DIRMINA-608,Improvement,Sun- 13 Jul 2008 13:02:32 +0000,Wed- 20 May 2009 11:59:38 +0000,28,,,,,,,,,,,,3,,,2,,,,
MINA,520ebc495d1410069fa7b36966a335cff204efdd,Trustin Lee,[DIRMINA-200] IBM iSeries throws unexpected SocketException,IBM iSeries throws unexpected SocketException,DIRMINA-200,Bug,Tue- 4 Apr 2006 22:33:51 +0000,Tue- 26 May 2009 00:50:21 +0000,126,,,,,,,,,,,,2,,,,,,
MINA,24b433419b8ac58ac44035292ca6090a84905291,Trustin Lee,[DIRMINA-16] org.apache.mina.common.TransportType,org.apache.mina.common.TransportType,DIRMINA-16,Improvement,Tue- 12 Apr 2005 23:44:24 +0000,Tue- 26 May 2009 00:45:29 +0000,645,,,,,,,,,1,,,,,,,,,
MINA,f6706aa7d9e0e82c42819583509cfba497b01d45,,,,,,,,,,,,-6,,,,-1,,,,-6,-1,,-1,,,,,,,
MINA,cb7896a19ecf8d1528b87d22c6f6e53e24ae3db7,,,,,,,,,,,,,,,,,,,,,,,1,,,
MINA,6aa8283e5f741e1ff54dec603f4c6d55fd89067b,,,,,,,,,,,,,1,,,,1,,,1,,,4,,,,,,
MINA,e686f7962910e06196d5edbeff543ed75bb40810,,,,,,,,,,,,,,,1,,,-1,,,,,,,,,
MINA,b84fd8a78c2348fc90c99e9656f1101d8e0e321c,,,,,,,,,,,,,,,,,,1,,,,,,,,
MINA,cd5324de8b22e627b5f3630edcd6ac9ff1b54e01,,,,,,,,,,,,6,,,,1,,,,6,1,,1,,,,,,,
MINA,189c15f061839a15b98138b1af0023ea8edd4309,Trustin Lee,[DIRMINA-487] Fix HTTP response with no content-length header,Fix HTTP response with no content-length header,DIRMINA-487,Bug,Wed- 5 Dec 2007 14:54:20 +0000,Sun- 7 Jun 2009 08:00:31 +0000,1,,,,,,,,-1,,,,,,,,,,
MINA,89327971029f1c9e7dd060c035678758f362b384,,,,,,,,,,,,,,,,,,,,,-1,,-1,,,,
MINA,9e5ff9b4b5ff7547d7d6c64ff4eb93abadf4211e,,,,,,,,,,,,,,,,,1,,,,,,,,,
MINA,51ac508f750e661d93a5ddc1deeb8e3e52b87c84,,,,,,,,,,,,,,,,,-1,,,,,,,,,
MINA,f918acef3a059b31cc94f44927e88a25c5145cc0,Trustin Lee,[DIRMINA-244] Example HTTP server using ProtocolCodeFactory,Example HTTP server using ProtocolCodeFactory,DIRMINA-244,New Feature,Fri- 11 Aug 2006 17:18:08 +0000,Tue- 26 May 2009 00:55:18 +0000,39,,,,,,,,,2,,,1,,,,,,,
MINA,7d6cac9e560576422e5394dc684cc282a5ae28de,,,,,,,,,,,,-3,,,,-2,,,,-6,-1,,-1,,,,,,,
MINA,f481b933b191e21797d5cd8591bfa2d6d7f7f10c,,,,,,,,,,,,8,,,,3,,,,7,1,,1,,,,,,,
MINA,876fbd31662543b51e41471ada81e79e0097846e,Peter A Royal Jr.,[DIRMINA-267] Use Executor for launching process/acceptor threads,Use Executor for launching process/acceptor threads,DIRMINA-267,Improvement,Sun- 17 Sep 2006 21:33:05 +0000,Mon- 18 Sep 2006 01:04:08 +0000,0,,,,-3,,,,-5,,,,-8,,,-8,,,,,,
MINA,3c64924759f09cd40448a1a45964699cd0b93d7b,,,,,,,,,,,,,,,,,,,,,,,1,,,
MINA,44ba2179faa7282ef8837d3e34881a9e33aeee9f,,,,,,,,,,,,1,,,,1,,,,1,,,,,,,,
MINA,a8c00bcdc43e7fcc2c76ce5f91dc96e774415e1c,Julien Vermillard,[DIRMINA-281] Move millisecondsPolling parameter in IoServiceManager.startCollectingStats() to a separate property 'pollingInterval',Move millisecondsPolling parameter in IoServiceManager.startCollectingStats() to a separate property 'pollingInterval',DIRMINA-281,Task,Sat- 7 Oct 2006 07:20:45 +0000,Tue- 26 May 2009 14:34:52 +0000,105,,,,-1,,,,1,,,,,,,-1,,,,,
MINA,42197edbae216ee072f38628779315f1a66e5fa6,Trustin Lee,[DIRMINA-504] Allow ProtocolEncoder to generate non-IoBuffer objects,Allow ProtocolEncoder to generate non-IoBuffer objects,DIRMINA-504,Improvement,Fri- 28 Dec 2007 03:41:32 +0000,Tue- 26 May 2009 14:12:25 +0000,0,,,,,,,,1,,,,11,,,,,,,
MINA,a88268234fe5b5216982a891ca1f7f8b7a2ede4e,Trustin Lee,[DIRMINA-337] SwingChatClient example throws NPE,SwingChatClient example throws NPE,DIRMINA-337,Bug,Tue- 23 Jan 2007 12:27:15 +0000,Tue- 26 May 2009 14:25:22 +0000,0,,,,,,,,1,,,,,,,,,,
MINA,7d2076819b0746f27a1ed11d02fb6f93ce81fd9f,,,,,,,,,,,,-8,-6,,,-2,,,,-9,-2,,-1,,,,,,,,
MINA,dbc76f7b45f0261cbfc3e87dfd9020f3b49f554d,Trustin Lee,[DIRMINA-176] ByteBuffer pool manager which prevents endlessly increasing pool size.,ByteBuffer pool manager which prevents endlessly increasing pool size.,DIRMINA-176,New Feature,Wed- 22 Feb 2006 23:21:03 +0000,Tue- 26 May 2009 00:48:58 +0000,16,,,,,,1,,,,,,,,,,,,
